<?xml version="1.0" encoding="UTF-8"?>
<objects serializationModel="Studio.02.00.00">
	<object class="Event" id="{7bcf2c55-956d-49fc-a942-a8a31e0e7106}">
		<property name="name">
			<value>Crunchy Footstep random</value>
		</property>
		<property name="outputFormat">
			<value>1</value>
		</property>
		<relationship name="folder">
			<destination>{cdfe86fb-34c7-475c-b6ef-253422a3fd92}</destination>
		</relationship>
		<relationship name="mixer">
			<destination>{093ac968-bc14-49c2-b523-04120634a533}</destination>
		</relationship>
		<relationship name="masterTrack">
			<destination>{07ea60f5-fb94-48fd-978b-3cb14a5bad50}</destination>
		</relationship>
		<relationship name="mixerInput">
			<destination>{6d3fe3d3-0189-4575-a5ee-efcbb3ffe1c4}</destination>
		</relationship>
		<relationship name="automatableProperties">
			<destination>{25de463d-3b2d-463e-bffc-46ac501e69d1}</destination>
		</relationship>
		<relationship name="markerTracks">
			<destination>{9072c25a-1328-4259-9dbb-4b2e8c579f0b}</destination>
			<destination>{62ab3c82-8f45-4a19-9b71-22110eb1200c}</destination>
		</relationship>
		<relationship name="groupTracks">
			<destination>{24d22bb2-3fee-481c-8531-457336c3339e}</destination>
		</relationship>
		<relationship name="timeline">
			<destination>{628f553e-8d0e-40fb-ba0a-61f59509c228}</destination>
		</relationship>
		<relationship name="parameters">
			<destination>{ff39bb16-6a19-4974-a57c-cc4362fc4ec2}</destination>
		</relationship>
		<relationship name="banks">
			<destination>{393e5a51-c7e8-4a58-8831-584bd87c1ca2}</destination>
		</relationship>
	</object>
	<object class="EventMixer" id="{093ac968-bc14-49c2-b523-04120634a533}">
		<relationship name="masterBus">
			<destination>{fa11d244-f958-4bb7-ac13-6ad561204da3}</destination>
		</relationship>
	</object>
	<object class="MasterTrack" id="{07ea60f5-fb94-48fd-978b-3cb14a5bad50}">
		<relationship name="mixerGroup">
			<destination>{fa11d244-f958-4bb7-ac13-6ad561204da3}</destination>
		</relationship>
	</object>
	<object class="MixerInput" id="{6d3fe3d3-0189-4575-a5ee-efcbb3ffe1c4}">
		<relationship name="effectChain">
			<destination>{5f75ee96-bacd-4fc4-99c8-72baf36ded8b}</destination>
		</relationship>
		<relationship name="panner">
			<destination>{ab7e0ba3-0a99-4a4b-9f80-434fa92904e3}</destination>
		</relationship>
		<relationship name="output">
			<destination>{53e98d00-a5da-4bd1-8109-4d6d838528a9}</destination>
		</relationship>
	</object>
	<object class="EventAutomatableProperties" id="{25de463d-3b2d-463e-bffc-46ac501e69d1}" />
	<object class="MarkerTrack" id="{9072c25a-1328-4259-9dbb-4b2e8c579f0b}" />
	<object class="MarkerTrack" id="{62ab3c82-8f45-4a19-9b71-22110eb1200c}" />
	<object class="GroupTrack" id="{24d22bb2-3fee-481c-8531-457336c3339e}">
		<relationship name="modules">
			<destination>{524dc191-a62a-4350-bdcf-75a184a132f7}</destination>
			<destination>{8076efaa-b5db-497d-854f-c49d782468f7}</destination>
		</relationship>
		<relationship name="mixerGroup">
			<destination>{6e0b5bd1-46b6-4eb8-b94f-d8cedce2f85d}</destination>
		</relationship>
	</object>
	<object class="Timeline" id="{628f553e-8d0e-40fb-ba0a-61f59509c228}">
		<relationship name="modules">
			<destination>{524dc191-a62a-4350-bdcf-75a184a132f7}</destination>
			<destination>{8076efaa-b5db-497d-854f-c49d782468f7}</destination>
		</relationship>
		<relationship name="markers">
			<destination>{d4119d11-4292-4d73-a04e-9c0bbb129585}</destination>
			<destination>{f82ac274-bacf-4e93-b9ed-3cf89c888ac8}</destination>
			<destination>{2ef20535-a174-493f-8acf-28aa152106f3}</destination>
			<destination>{3ce96522-bcbe-4bc1-a1c8-e895303e3420}</destination>
		</relationship>
	</object>
	<object class="ParameterProxy" id="{ff39bb16-6a19-4974-a57c-cc4362fc4ec2}">
		<relationship name="preset">
			<destination>{831a6588-ec61-42c3-9bf7-9ba4917d5b0f}</destination>
		</relationship>
	</object>
	<object class="EventMixerMaster" id="{fa11d244-f958-4bb7-ac13-6ad561204da3}">
		<relationship name="effectChain">
			<destination>{a484eacc-971e-4ab9-8ef2-5c1f5f56f5f3}</destination>
		</relationship>
		<relationship name="panner">
			<destination>{89358b4e-dc16-4dc9-a66c-2e8c6f84abcb}</destination>
		</relationship>
		<relationship name="mixer">
			<destination>{093ac968-bc14-49c2-b523-04120634a533}</destination>
		</relationship>
	</object>
	<object class="MixerBusEffectChain" id="{5f75ee96-bacd-4fc4-99c8-72baf36ded8b}">
		<relationship name="effects">
			<destination>{6f06612d-cafa-4aa8-9dcb-1e76756c794f}</destination>
		</relationship>
	</object>
	<object class="MixerBusPanner" id="{ab7e0ba3-0a99-4a4b-9f80-434fa92904e3}" />
	<object class="MultiSound" id="{524dc191-a62a-4350-bdcf-75a184a132f7}">
		<property name="start">
			<value>2.1000000000000001</value>
		</property>
		<property name="length">
			<value>3</value>
		</property>
		<relationship name="triggerConditions">
			<destination>{b23051fc-f4e9-47c6-b27a-1b0458c76374}</destination>
		</relationship>
		<relationship name="sounds">
			<destination>{815a8ddf-9f6c-4b4e-a42a-64aa2543dfa5}</destination>
		</relationship>
	</object>
	<object class="MultiSound" id="{8076efaa-b5db-497d-854f-c49d782468f7}">
		<property name="length">
			<value>2.1000000000000001</value>
		</property>
		<property name="maxVoices">
			<value>9</value>
		</property>
		<property name="playlistMode">
			<value>1</value>
		</property>
		<relationship name="automators">
			<destination>{a4caa1ad-9cea-494e-9495-c2bb13d7c1a6}</destination>
		</relationship>
		<relationship name="triggerConditions">
			<destination>{0364f4bd-1719-45a8-9fc6-58bec962c13d}</destination>
		</relationship>
		<relationship name="sounds">
			<destination>{a0a15ade-3f2b-4710-868e-c34fc5c59f77}</destination>
			<destination>{a373b514-05f2-4822-ba09-7ac623861db3}</destination>
			<destination>{35e68923-50b3-4c7b-9717-1cce8d6a2abe}</destination>
			<destination>{aff17141-bc15-4f5a-8853-1e966c4f3d7b}</destination>
			<destination>{cb187249-cf67-4c59-89a7-1d3ab352bc97}</destination>
			<destination>{db201874-a898-4b7a-9b27-5946574341f8}</destination>
		</relationship>
	</object>
	<object class="EventMixerGroup" id="{6e0b5bd1-46b6-4eb8-b94f-d8cedce2f85d}">
		<property name="name">
			<value>Audio 1</value>
		</property>
		<relationship name="effectChain">
			<destination>{23aa9bbc-21f7-4161-89cb-d252db689cc8}</destination>
		</relationship>
		<relationship name="panner">
			<destination>{e07ec7c6-71f1-4f95-a53a-65249d0177dc}</destination>
		</relationship>
		<relationship name="output">
			<destination>{fa11d244-f958-4bb7-ac13-6ad561204da3}</destination>
		</relationship>
	</object>
	<object class="LoopRegion" id="{d4119d11-4292-4d73-a04e-9c0bbb129585}">
		<property name="position">
			<value>0</value>
		</property>
		<property name="length">
			<value>2.1000000000000001</value>
		</property>
		<property name="name">
			<value>loop step</value>
		</property>
		<relationship name="timeline">
			<destination>{628f553e-8d0e-40fb-ba0a-61f59509c228}</destination>
		</relationship>
		<relationship name="markerTrack">
			<destination>{9072c25a-1328-4259-9dbb-4b2e8c579f0b}</destination>
		</relationship>
		<relationship name="triggerConditions">
			<destination>{169685aa-52be-41b2-b1d6-b4dcab2560b8}</destination>
		</relationship>
	</object>
	<object class="TransitionRegion" id="{f82ac274-bacf-4e93-b9ed-3cf89c888ac8}">
		<property name="position">
			<value>0</value>
		</property>
		<property name="length">
			<value>2.1000000000000001</value>
		</property>
		<relationship name="timeline">
			<destination>{628f553e-8d0e-40fb-ba0a-61f59509c228}</destination>
		</relationship>
		<relationship name="markerTrack">
			<destination>{62ab3c82-8f45-4a19-9b71-22110eb1200c}</destination>
		</relationship>
		<relationship name="destination">
			<destination>{2ef20535-a174-493f-8acf-28aa152106f3}</destination>
		</relationship>
		<relationship name="triggerConditions">
			<destination>{34c9800f-0b57-4e8e-a0e8-723c90b75f32}</destination>
		</relationship>
	</object>
	<object class="LoopRegion" id="{2ef20535-a174-493f-8acf-28aa152106f3}">
		<property name="position">
			<value>2.1000000000000001</value>
		</property>
		<property name="length">
			<value>3</value>
		</property>
		<property name="name">
			<value>loop silence</value>
		</property>
		<relationship name="timeline">
			<destination>{628f553e-8d0e-40fb-ba0a-61f59509c228}</destination>
		</relationship>
		<relationship name="markerTrack">
			<destination>{9072c25a-1328-4259-9dbb-4b2e8c579f0b}</destination>
		</relationship>
		<relationship name="triggerConditions">
			<destination>{f19eb782-ca92-41ce-9b70-c162fae8b9f4}</destination>
		</relationship>
	</object>
	<object class="TransitionRegion" id="{3ce96522-bcbe-4bc1-a1c8-e895303e3420}">
		<property name="position">
			<value>2.1000000000000001</value>
		</property>
		<property name="length">
			<value>3</value>
		</property>
		<relationship name="timeline">
			<destination>{628f553e-8d0e-40fb-ba0a-61f59509c228}</destination>
		</relationship>
		<relationship name="markerTrack">
			<destination>{62ab3c82-8f45-4a19-9b71-22110eb1200c}</destination>
		</relationship>
		<relationship name="destination">
			<destination>{d4119d11-4292-4d73-a04e-9c0bbb129585}</destination>
		</relationship>
		<relationship name="triggerConditions">
			<destination>{40e963cc-3aa8-4f09-94b6-260991f1e24f}</destination>
		</relationship>
	</object>
	<object class="MixerBusEffectChain" id="{a484eacc-971e-4ab9-8ef2-5c1f5f56f5f3}">
		<relationship name="effects">
			<destination>{ba1d820f-d9ea-419c-bf1e-ca08b7ad6b80}</destination>
		</relationship>
	</object>
	<object class="MixerBusPanner" id="{89358b4e-dc16-4dc9-a66c-2e8c6f84abcb}" />
	<object class="MixerBusFader" id="{6f06612d-cafa-4aa8-9dcb-1e76756c794f}" />
	<object class="ParameterCondition" id="{b23051fc-f4e9-47c6-b27a-1b0458c76374}">
		<property name="minimum">
			<value>0</value>
		</property>
		<property name="maximum">
			<value>0.010000000707805157</value>
		</property>
		<relationship name="parameter">
			<destination>{831a6588-ec61-42c3-9bf7-9ba4917d5b0f}</destination>
		</relationship>
	</object>
	<object class="SingleSound" id="{815a8ddf-9f6c-4b4e-a42a-64aa2543dfa5}">
		<relationship name="audioFile">
			<destination>{60213c2d-9cee-4aee-b486-994071e8eff9}</destination>
		</relationship>
	</object>
	<object class="Automator" id="{a4caa1ad-9cea-494e-9495-c2bb13d7c1a6}">
		<property name="nameOfPropertyBeingAutomated">
			<value>triggerProbability</value>
		</property>
		<relationship name="automationCurves">
			<destination>{04e610f2-ac5c-4f97-bb06-c1fee26ffaaa}</destination>
		</relationship>
	</object>
	<object class="ParameterCondition" id="{0364f4bd-1719-45a8-9fc6-58bec962c13d}">
		<property name="minimum">
			<value>0.015000000596046448</value>
		</property>
		<property name="maximum">
			<value>1</value>
		</property>
		<relationship name="parameter">
			<destination>{831a6588-ec61-42c3-9bf7-9ba4917d5b0f}</destination>
		</relationship>
	</object>
	<object class="SingleSound" id="{a0a15ade-3f2b-4710-868e-c34fc5c59f77}">
		<relationship name="audioFile">
			<destination>{16e9cf05-09e4-431e-a833-700ddd049919}</destination>
		</relationship>
	</object>
	<object class="SingleSound" id="{a373b514-05f2-4822-ba09-7ac623861db3}">
		<relationship name="audioFile">
			<destination>{c1c7e50f-0271-4f3d-9249-b493c13b7854}</destination>
		</relationship>
	</object>
	<object class="SingleSound" id="{35e68923-50b3-4c7b-9717-1cce8d6a2abe}">
		<relationship name="audioFile">
			<destination>{34006014-adc5-4cdd-a9a7-7237b6b2d6e0}</destination>
		</relationship>
	</object>
	<object class="SingleSound" id="{aff17141-bc15-4f5a-8853-1e966c4f3d7b}">
		<relationship name="audioFile">
			<destination>{f94c8de6-85e3-4a46-9b68-64153b314934}</destination>
		</relationship>
	</object>
	<object class="SingleSound" id="{cb187249-cf67-4c59-89a7-1d3ab352bc97}">
		<relationship name="audioFile">
			<destination>{7dd64e48-aa77-4976-a7d1-947b28899c07}</destination>
		</relationship>
	</object>
	<object class="SingleSound" id="{db201874-a898-4b7a-9b27-5946574341f8}">
		<relationship name="audioFile">
			<destination>{236ba21b-d787-471e-a0cb-60f7a9636a1c}</destination>
		</relationship>
	</object>
	<object class="MixerBusEffectChain" id="{23aa9bbc-21f7-4161-89cb-d252db689cc8}">
		<relationship name="effects">
			<destination>{f4fb739b-bf34-4405-a2f0-60e3110a8f0e}</destination>
		</relationship>
	</object>
	<object class="MixerBusPanner" id="{e07ec7c6-71f1-4f95-a53a-65249d0177dc}" />
	<object class="ParameterCondition" id="{169685aa-52be-41b2-b1d6-b4dcab2560b8}">
		<property name="minimum">
			<value>0.020000001415610313</value>
		</property>
		<property name="maximum">
			<value>1</value>
		</property>
		<relationship name="parameter">
			<destination>{831a6588-ec61-42c3-9bf7-9ba4917d5b0f}</destination>
		</relationship>
	</object>
	<object class="ParameterCondition" id="{34c9800f-0b57-4e8e-a0e8-723c90b75f32}">
		<property name="minimum">
			<value>0</value>
		</property>
		<property name="maximum">
			<value>0.0050000003539025784</value>
		</property>
		<relationship name="parameter">
			<destination>{831a6588-ec61-42c3-9bf7-9ba4917d5b0f}</destination>
		</relationship>
	</object>
	<object class="ParameterCondition" id="{f19eb782-ca92-41ce-9b70-c162fae8b9f4}">
		<property name="minimum">
			<value>0</value>
		</property>
		<property name="maximum">
			<value>0.010000000707805157</value>
		</property>
		<relationship name="parameter">
			<destination>{831a6588-ec61-42c3-9bf7-9ba4917d5b0f}</destination>
		</relationship>
	</object>
	<object class="ParameterCondition" id="{40e963cc-3aa8-4f09-94b6-260991f1e24f}">
		<property name="minimum">
			<value>0.020000001415610313</value>
		</property>
		<property name="maximum">
			<value>1</value>
		</property>
		<relationship name="parameter">
			<destination>{831a6588-ec61-42c3-9bf7-9ba4917d5b0f}</destination>
		</relationship>
	</object>
	<object class="MixerBusFader" id="{ba1d820f-d9ea-419c-bf1e-ca08b7ad6b80}" />
	<object class="AutomationCurve" id="{04e610f2-ac5c-4f97-bb06-c1fee26ffaaa}">
		<relationship name="parameter">
			<destination>{628f553e-8d0e-40fb-ba0a-61f59509c228}</destination>
		</relationship>
		<relationship name="automationPoints">
			<destination>{3180d98e-e7a7-44b5-b43d-9dc0c2180e9c}</destination>
		</relationship>
	</object>
	<object class="MixerBusFader" id="{f4fb739b-bf34-4405-a2f0-60e3110a8f0e}" />
	<object class="AutomationPoint" id="{3180d98e-e7a7-44b5-b43d-9dc0c2180e9c}">
		<property name="position">
			<value>0</value>
		</property>
		<property name="value">
			<value>70</value>
		</property>
	</object>
</objects>
