<?xml version="1.0" encoding="UTF-8"?>
<objects serializationModel="Studio.02.00.00">
	<object class="Event" id="{9015796d-ec8b-4c1d-9059-63b7204f6f6b}">
		<property name="name">
			<value>EnemyFootstepsSquish</value>
		</property>
		<property name="outputFormat">
			<value>1</value>
		</property>
		<relationship name="folder">
			<destination>{3db5124f-fdf6-451f-909c-fe7b2d987f9a}</destination>
		</relationship>
		<relationship name="mixer">
			<destination>{3938f9fd-0607-4002-b57c-3ca4fd74f6dd}</destination>
		</relationship>
		<relationship name="masterTrack">
			<destination>{da2035c3-2706-46c7-9a7a-4f0de46ccc53}</destination>
		</relationship>
		<relationship name="mixerInput">
			<destination>{c59d5d7f-8596-4526-abf2-843773ac6001}</destination>
		</relationship>
		<relationship name="automatableProperties">
			<destination>{99881f6b-0483-41ac-8538-a594a1c57612}</destination>
		</relationship>
		<relationship name="markerTracks">
			<destination>{4999117d-b5bb-4c3c-97dd-40fa0f2bae28}</destination>
			<destination>{4653addc-926c-4c16-a3ba-fb622a673990}</destination>
		</relationship>
		<relationship name="groupTracks">
			<destination>{93b4d1cb-7670-45fb-bba1-9a925f944c6d}</destination>
		</relationship>
		<relationship name="timeline">
			<destination>{825fd948-b3a5-42bd-99d1-85606a008c92}</destination>
		</relationship>
		<relationship name="banks">
			<destination>{393e5a51-c7e8-4a58-8831-584bd87c1ca2}</destination>
		</relationship>
	</object>
	<object class="EventMixer" id="{3938f9fd-0607-4002-b57c-3ca4fd74f6dd}">
		<relationship name="masterBus">
			<destination>{5fc52ea3-bcf0-4773-9082-595788ff2feb}</destination>
		</relationship>
	</object>
	<object class="MasterTrack" id="{da2035c3-2706-46c7-9a7a-4f0de46ccc53}">
		<relationship name="mixerGroup">
			<destination>{5fc52ea3-bcf0-4773-9082-595788ff2feb}</destination>
		</relationship>
	</object>
	<object class="MixerInput" id="{c59d5d7f-8596-4526-abf2-843773ac6001}">
		<relationship name="effectChain">
			<destination>{d100df1d-77d8-421c-9090-94382ccda93a}</destination>
		</relationship>
		<relationship name="panner">
			<destination>{f7ef6cd5-2165-4237-9453-761e41b85659}</destination>
		</relationship>
		<relationship name="output">
			<destination>{53e98d00-a5da-4bd1-8109-4d6d838528a9}</destination>
		</relationship>
	</object>
	<object class="EventAutomatableProperties" id="{99881f6b-0483-41ac-8538-a594a1c57612}" />
	<object class="MarkerTrack" id="{4999117d-b5bb-4c3c-97dd-40fa0f2bae28}" />
	<object class="MarkerTrack" id="{4653addc-926c-4c16-a3ba-fb622a673990}" />
	<object class="GroupTrack" id="{93b4d1cb-7670-45fb-bba1-9a925f944c6d}">
		<relationship name="modules">
			<destination>{d24ae4d4-be71-4e6a-a1be-fb6356fa5812}</destination>
		</relationship>
		<relationship name="mixerGroup">
			<destination>{480e4719-020e-49c6-8db2-9db5bfaae14b}</destination>
		</relationship>
	</object>
	<object class="Timeline" id="{825fd948-b3a5-42bd-99d1-85606a008c92}">
		<relationship name="modules">
			<destination>{d24ae4d4-be71-4e6a-a1be-fb6356fa5812}</destination>
		</relationship>
		<relationship name="markers">
			<destination>{364cc04f-0b00-4d3d-9912-40bc4fa4478e}</destination>
			<destination>{532b7075-57bb-445c-b469-faf9f46b5c9e}</destination>
			<destination>{5727a818-13f5-4345-b87e-06eea894e3bf}</destination>
		</relationship>
	</object>
	<object class="EventMixerMaster" id="{5fc52ea3-bcf0-4773-9082-595788ff2feb}">
		<relationship name="effectChain">
			<destination>{3f5a3f7b-e14b-4987-a1ed-2e706ceb38ca}</destination>
		</relationship>
		<relationship name="panner">
			<destination>{4acb2437-cf82-4d8b-af0d-294f0484c3c7}</destination>
		</relationship>
		<relationship name="mixer">
			<destination>{3938f9fd-0607-4002-b57c-3ca4fd74f6dd}</destination>
		</relationship>
	</object>
	<object class="MixerBusEffectChain" id="{d100df1d-77d8-421c-9090-94382ccda93a}">
		<relationship name="effects">
			<destination>{370b0498-48c1-4498-9f6b-633e2525f4ad}</destination>
		</relationship>
	</object>
	<object class="MixerBusPanner" id="{f7ef6cd5-2165-4237-9453-761e41b85659}" />
	<object class="MultiSound" id="{d24ae4d4-be71-4e6a-a1be-fb6356fa5812}">
		<property name="length">
			<value>0.68965517241379315</value>
		</property>
		<property name="volume">
			<value>-14</value>
		</property>
		<property name="playlistMode">
			<value>1</value>
		</property>
		<relationship name="sounds">
			<destination>{ab9b7bc4-7d35-467d-9974-8c1cb563f70c}</destination>
			<destination>{01d4adea-5844-4f8d-9a35-910b86ab72cc}</destination>
			<destination>{fa2c1a6a-8c2b-4ec3-bc28-8a6cf901a137}</destination>
			<destination>{fb63342c-b895-4db0-b610-ef2884d6a207}</destination>
			<destination>{9b2ea548-1508-46f9-906b-8955cab2f142}</destination>
			<destination>{af2d2b0a-e8fe-4310-b02d-d885a46e1071}</destination>
			<destination>{071ca7e5-f508-4c37-8035-9a223e76fda3}</destination>
			<destination>{9bce93c0-fffc-47c7-bc04-e8e1989fc112}</destination>
			<destination>{d5cb0f81-323a-49f2-92a4-2bb018708b09}</destination>
			<destination>{557facd6-0fed-485d-b80e-cf8508afe883}</destination>
			<destination>{b4542f8c-5c80-4ffe-92a9-6e5e57c1b005}</destination>
			<destination>{d3520423-901f-466d-b741-2f35cc87b283}</destination>
			<destination>{249d6f56-e487-492d-bbda-2ec9b1008d8b}</destination>
		</relationship>
	</object>
	<object class="EventMixerGroup" id="{480e4719-020e-49c6-8db2-9db5bfaae14b}">
		<property name="name">
			<value>Audio 1</value>
		</property>
		<relationship name="effectChain">
			<destination>{bfe7c394-afa1-4fff-9f52-ef769ba7de97}</destination>
		</relationship>
		<relationship name="panner">
			<destination>{47df6b7f-4bf7-4692-aa56-d3b73e3be6ec}</destination>
		</relationship>
		<relationship name="output">
			<destination>{5fc52ea3-bcf0-4773-9082-595788ff2feb}</destination>
		</relationship>
	</object>
	<object class="LoopRegion" id="{364cc04f-0b00-4d3d-9912-40bc4fa4478e}">
		<property name="position">
			<value>0</value>
		</property>
		<property name="length">
			<value>0.68965517241379315</value>
		</property>
		<property name="name">
			<value>Enemymoving</value>
		</property>
		<relationship name="timeline">
			<destination>{825fd948-b3a5-42bd-99d1-85606a008c92}</destination>
		</relationship>
		<relationship name="markerTrack">
			<destination>{4999117d-b5bb-4c3c-97dd-40fa0f2bae28}</destination>
		</relationship>
	</object>
	<object class="LoopRegion" id="{532b7075-57bb-445c-b469-faf9f46b5c9e}">
		<property name="position">
			<value>0.68965517241379315</value>
		</property>
		<property name="length">
			<value>2</value>
		</property>
		<relationship name="timeline">
			<destination>{825fd948-b3a5-42bd-99d1-85606a008c92}</destination>
		</relationship>
		<relationship name="markerTrack">
			<destination>{4999117d-b5bb-4c3c-97dd-40fa0f2bae28}</destination>
		</relationship>
	</object>
	<object class="TransitionRegion" id="{5727a818-13f5-4345-b87e-06eea894e3bf}">
		<property name="position">
			<value>0.68965517241379315</value>
		</property>
		<property name="length">
			<value>2</value>
		</property>
		<relationship name="timeline">
			<destination>{825fd948-b3a5-42bd-99d1-85606a008c92}</destination>
		</relationship>
		<relationship name="markerTrack">
			<destination>{4653addc-926c-4c16-a3ba-fb622a673990}</destination>
		</relationship>
		<relationship name="destination">
			<destination>{364cc04f-0b00-4d3d-9912-40bc4fa4478e}</destination>
		</relationship>
	</object>
	<object class="MixerBusEffectChain" id="{3f5a3f7b-e14b-4987-a1ed-2e706ceb38ca}">
		<relationship name="effects">
			<destination>{b35213c2-5381-46b7-9feb-bef25c8a1d3a}</destination>
			<destination>{e79c6971-5acc-4dd3-adae-52350758fd69}</destination>
			<destination>{debfedd3-19f0-4206-8d7b-f9ff4b5b92ae}</destination>
			<destination>{60884b63-2098-4326-be62-132f4e66ac9d}</destination>
			<destination>{584b2570-6c4c-4f67-9a31-e8bc910c7ca9}</destination>
		</relationship>
	</object>
	<object class="MixerBusPanner" id="{4acb2437-cf82-4d8b-af0d-294f0484c3c7}" />
	<object class="MixerBusFader" id="{370b0498-48c1-4498-9f6b-633e2525f4ad}" />
	<object class="SingleSound" id="{ab9b7bc4-7d35-467d-9974-8c1cb563f70c}">
		<relationship name="audioFile">
			<destination>{5ba7b91d-0fa1-448a-bf46-ae41b84df80c}</destination>
		</relationship>
	</object>
	<object class="SingleSound" id="{01d4adea-5844-4f8d-9a35-910b86ab72cc}">
		<relationship name="audioFile">
			<destination>{b4acf973-f8c9-4558-98fc-6a01be9903fc}</destination>
		</relationship>
	</object>
	<object class="SingleSound" id="{fa2c1a6a-8c2b-4ec3-bc28-8a6cf901a137}">
		<relationship name="audioFile">
			<destination>{fe78f0eb-0d82-47ed-b5cd-c38328aa0604}</destination>
		</relationship>
	</object>
	<object class="SingleSound" id="{fb63342c-b895-4db0-b610-ef2884d6a207}">
		<relationship name="audioFile">
			<destination>{bd3630ca-a868-41e7-9047-ba6a73326cbc}</destination>
		</relationship>
	</object>
	<object class="SingleSound" id="{9b2ea548-1508-46f9-906b-8955cab2f142}">
		<relationship name="audioFile">
			<destination>{192a7dcb-f535-43fa-9e44-4df179527c55}</destination>
		</relationship>
	</object>
	<object class="SingleSound" id="{af2d2b0a-e8fe-4310-b02d-d885a46e1071}">
		<relationship name="audioFile">
			<destination>{8e9f851f-e576-4bec-a544-c72ce603738d}</destination>
		</relationship>
	</object>
	<object class="SingleSound" id="{071ca7e5-f508-4c37-8035-9a223e76fda3}">
		<relationship name="audioFile">
			<destination>{a076d115-4556-46f9-a0b8-e8ec9a9a68cb}</destination>
		</relationship>
	</object>
	<object class="SingleSound" id="{9bce93c0-fffc-47c7-bc04-e8e1989fc112}">
		<relationship name="audioFile">
			<destination>{7520b776-d6be-42c0-b8d0-b2c336c75c39}</destination>
		</relationship>
	</object>
	<object class="SingleSound" id="{d5cb0f81-323a-49f2-92a4-2bb018708b09}">
		<relationship name="audioFile">
			<destination>{a55dd1e1-16b0-4b25-9707-2e81f0235320}</destination>
		</relationship>
	</object>
	<object class="SingleSound" id="{557facd6-0fed-485d-b80e-cf8508afe883}">
		<relationship name="audioFile">
			<destination>{0bde5652-540f-40ad-b01d-c5d1250ec24c}</destination>
		</relationship>
	</object>
	<object class="SingleSound" id="{b4542f8c-5c80-4ffe-92a9-6e5e57c1b005}">
		<relationship name="audioFile">
			<destination>{fa22a2e7-a3f5-421d-888f-b7e31436ef31}</destination>
		</relationship>
	</object>
	<object class="SingleSound" id="{d3520423-901f-466d-b741-2f35cc87b283}">
		<relationship name="audioFile">
			<destination>{b74b3120-dea9-48da-a701-3128bdf32b1f}</destination>
		</relationship>
	</object>
	<object class="SingleSound" id="{249d6f56-e487-492d-bbda-2ec9b1008d8b}">
		<relationship name="audioFile">
			<destination>{0d736da2-eab9-4bce-b8e8-c0c45762ffd7}</destination>
		</relationship>
	</object>
	<object class="MixerBusEffectChain" id="{bfe7c394-afa1-4fff-9f52-ef769ba7de97}">
		<relationship name="effects">
			<destination>{67895575-74e3-4854-a100-d8f21e9c7d1d}</destination>
		</relationship>
	</object>
	<object class="MixerBusPanner" id="{47df6b7f-4bf7-4692-aa56-d3b73e3be6ec}" />
	<object class="SFXReverbEffect" id="{b35213c2-5381-46b7-9feb-bef25c8a1d3a}">
		<property name="decayTime">
			<value>1400</value>
		</property>
		<property name="HFDecayRatio">
			<value>37</value>
		</property>
		<property name="lowShelfFrequency">
			<value>430</value>
		</property>
		<property name="lowShelfGain">
			<value>-23</value>
		</property>
		<property name="highCut">
			<value>1000</value>
		</property>
		<property name="wetLevel">
			<value>-5.5</value>
		</property>
		<property name="dryLevel">
			<value>-16</value>
		</property>
	</object>
	<object class="MixerBusFader" id="{e79c6971-5acc-4dd3-adae-52350758fd69}" />
	<object class="CompressorEffect" id="{debfedd3-19f0-4206-8d7b-f9ff4b5b92ae}">
		<property name="attackTime">
			<value>3.60000014</value>
		</property>
		<property name="releaseTime">
			<value>1400</value>
		</property>
	</object>
	<object class="CompressorEffect" id="{60884b63-2098-4326-be62-132f4e66ac9d}">
		<property name="threshold">
			<value>-33</value>
		</property>
		<property name="ratio">
			<value>45</value>
		</property>
		<property name="attackTime">
			<value>3.20000005</value>
		</property>
		<property name="releaseTime">
			<value>42</value>
		</property>
	</object>
	<object class="GainEffect" id="{584b2570-6c4c-4f67-9a31-e8bc910c7ca9}">
		<property name="gain">
			<value>3.5</value>
		</property>
	</object>
	<object class="MixerBusFader" id="{67895575-74e3-4854-a100-d8f21e9c7d1d}" />
</objects>
