<?xml version="1.0" encoding="UTF-8"?>
<objects serializationModel="Studio.02.00.00">
	<object class="EncodingSetting" id="{680c25b4-ac95-4afb-af2c-3417ee166aca}">
		<property name="encodingFormat">
			<value>3</value>
		</property>
		<property name="quality">
			<value>37</value>
		</property>
		<relationship name="platform">
			<destination>{56c9287a-aef4-4ff0-9197-b031de8d33de}</destination>
		</relationship>
		<relationship name="encodable">
			<destination>{56c9287a-aef4-4ff0-9197-b031de8d33de}</destination>
		</relationship>
	</object>
</objects>
