<?xml version="1.0" encoding="UTF-8"?>
<objects serializationModel="Studio.02.00.00">
	<object class="MixerReturn" id="{15fdb222-6da1-4e35-92eb-8779973a34ea}">
		<property name="overridingInputFormat">
			<value>2</value>
		</property>
		<property name="inputFormatOverridden">
			<value>true</value>
		</property>
		<property name="name">
			<value>Reverb</value>
		</property>
		<relationship name="effectChain">
			<destination>{632d45b0-71c3-44ea-9773-207f83dc81d4}</destination>
		</relationship>
		<relationship name="panner">
			<destination>{cc9254ec-c911-4c92-a481-ff27c336aa6b}</destination>
		</relationship>
		<relationship name="output">
			<destination>{53e98d00-a5da-4bd1-8109-4d6d838528a9}</destination>
		</relationship>
	</object>
	<object class="MixerBusEffectChain" id="{632d45b0-71c3-44ea-9773-207f83dc81d4}">
		<relationship name="effects">
			<destination>{76b424cd-b94a-4f76-9dd7-62764c04c3ad}</destination>
			<destination>{1c97ac53-be4c-42f9-a2fd-2f14d09d4f89}</destination>
		</relationship>
	</object>
	<object class="MixerBusPanner" id="{cc9254ec-c911-4c92-a481-ff27c336aa6b}" />
	<object class="SFXReverbEffect" id="{76b424cd-b94a-4f76-9dd7-62764c04c3ad}">
		<property name="wetLevel">
			<value>0</value>
		</property>
		<property name="dryLevel">
			<value>-80</value>
		</property>
	</object>
	<object class="MixerBusFader" id="{1c97ac53-be4c-42f9-a2fd-2f14d09d4f89}" />
</objects>
