<?xml version="1.0" encoding="UTF-8"?>
<objects serializationModel="Studio.02.00.00">
	<object class="ParameterPreset" id="{5200cbff-f1f4-405b-98bc-4fd905e3e674}">
		<property name="name">
			<value>EnemyIsMoving</value>
		</property>
		<relationship name="folder">
			<destination>{77211a6d-bf0f-44cf-8780-617271f40f9e}</destination>
		</relationship>
		<relationship name="parameter">
			<destination>{5a6fc93e-11be-49d4-9c77-66e46bdf41b2}</destination>
		</relationship>
	</object>
	<object class="GameParameter" id="{5a6fc93e-11be-49d4-9c77-66e46bdf41b2}">
		<property name="initialValue">
			<value>0</value>
		</property>
	</object>
</objects>
