<?xml version="1.0" encoding="UTF-8"?>
<objects serializationModel="Studio.02.00.00">
	<object class="AudioFile" id="{17390611-812b-4e72-912b-82bbbc7cc1aa}">
		<property name="assetPath">
			<value>Sounds/Pick up 1.wav</value>
		</property>
		<property name="frequencyInKHz">
			<value>44.0999985</value>
		</property>
		<property name="channelCount">
			<value>2</value>
		</property>
		<property name="length">
			<value>4.9230839002267572</value>
		</property>
		<relationship name="masterAssetFolder">
			<destination>{e4332d51-9ae3-4973-b8da-8cae3504c213}</destination>
		</relationship>
	</object>
</objects>
