<?xml version="1.0" encoding="UTF-8"?>
<objects serializationModel="Studio.02.00.00">
	<object class="AudioFile" id="{192a7dcb-f535-43fa-9e44-4df179527c55}">
		<property name="assetPath">
			<value>Sounds/EnemyFootstepVarients/11-Enemy Footsteps Placeholder.wav</value>
		</property>
		<property name="frequencyInKHz">
			<value>44.0999985</value>
		</property>
		<property name="channelCount">
			<value>2</value>
		</property>
		<property name="length">
			<value>0.45882086167800451</value>
		</property>
		<relationship name="masterAssetFolder">
			<destination>{e4332d51-9ae3-4973-b8da-8cae3504c213}</destination>
		</relationship>
	</object>
</objects>
