<?xml version="1.0" encoding="UTF-8"?>
<objects serializationModel="Studio.02.00.00">
	<object class="AudioFile" id="{4ef86375-3b23-4e5d-9372-08a3c7d48eb4}">
		<property name="assetPath">
			<value>Sounds/ItemPickup.wav</value>
		</property>
		<property name="frequencyInKHz">
			<value>44.0999985</value>
		</property>
		<property name="channelCount">
			<value>2</value>
		</property>
		<property name="length">
			<value>0.34820861678004533</value>
		</property>
		<relationship name="masterAssetFolder">
			<destination>{e4332d51-9ae3-4973-b8da-8cae3504c213}</destination>
		</relationship>
	</object>
</objects>
