<?xml version="1.0" encoding="UTF-8"?>
<objects serializationModel="Studio.02.00.00">
	<object class="AudioFile" id="{a55dd1e1-16b0-4b25-9707-2e81f0235320}">
		<property name="assetPath">
			<value>Sounds/EnemyFootstepVarients/02-Enemy Footsteps Placeholder.wav</value>
		</property>
		<property name="frequencyInKHz">
			<value>44.0999985</value>
		</property>
		<property name="channelCount">
			<value>2</value>
		</property>
		<property name="length">
			<value>0.67473922902494332</value>
		</property>
		<relationship name="masterAssetFolder">
			<destination>{e4332d51-9ae3-4973-b8da-8cae3504c213}</destination>
		</relationship>
	</object>
</objects>
