<?xml version="1.0" encoding="UTF-8"?>
<objects serializationModel="Studio.02.00.00">
	<object class="AudioFile" id="{ebc54beb-bc9b-4911-bec1-165a40ec981a}">
		<property name="assetPath">
			<value>Sounds/Jackalope Placeholders/SNDPickup.wav</value>
		</property>
		<property name="frequencyInKHz">
			<value>44.0999985</value>
		</property>
		<property name="channelCount">
			<value>2</value>
		</property>
		<property name="length">
			<value>3.4263945578231292</value>
		</property>
		<relationship name="masterAssetFolder">
			<destination>{e4332d51-9ae3-4973-b8da-8cae3504c213}</destination>
		</relationship>
	</object>
</objects>
