<?xml version="1.0" encoding="UTF-8"?>
<objects serializationModel="Studio.02.00.00">
	<object class="Workspace" id="{9e989bdb-ad4a-493c-b3a9-98c34c8af0b3}">
		<relationship name="masterEventFolder">
			<destination>{b3d54ff1-d54e-49d7-b0fa-7c45ecf1faca}</destination>
		</relationship>
		<relationship name="masterTagFolder">
			<destination>{4f3875de-35c1-4bf9-bf63-498442c3ba3f}</destination>
		</relationship>
		<relationship name="masterEffectPresetFolder">
			<destination>{3b3814c7-a4af-4a80-9f65-3e4b4450962a}</destination>
		</relationship>
		<relationship name="masterParameterPresetFolder">
			<destination>{77211a6d-bf0f-44cf-8780-617271f40f9e}</destination>
		</relationship>
		<relationship name="masterBankFolder">
			<destination>{9326ec8b-9bab-4857-a5de-173f3b9331de}</destination>
		</relationship>
		<relationship name="masterAssetFolder">
			<destination>{e4332d51-9ae3-4973-b8da-8cae3504c213}</destination>
		</relationship>
		<relationship name="mixer">
			<destination>{f64f1957-3e93-4980-8f07-09c7b659056a}</destination>
		</relationship>
		<relationship name="platforms">
			<destination>{56c9287a-aef4-4ff0-9197-b031de8d33de}</destination>
		</relationship>
	</object>
</objects>
